No.,X,Y,Z,Lv,x,y,u',v',Tcp,duv,λd,Pe,L*,a*,b*,Le,Peak,380nm,381nm,382nm,383nm,384nm,385nm,386nm,387nm,388nm,389nm,390nm,391nm,392nm,393nm,394nm,395nm,396nm,397nm,398nm,399nm,400nm,401nm,402nm,403nm,404nm,405nm,406nm,407nm,408nm,409nm,410nm,411nm,412nm,413nm,414nm,415nm,416nm,417nm,418nm,419nm,420nm,421nm,422nm,423nm,424nm,425nm,426nm,427nm,428nm,429nm,430nm,431nm,432nm,433nm,434nm,435nm,436nm,437nm,438nm,439nm,440nm,441nm,442nm,443nm,444nm,445nm,446nm,447nm,448nm,449nm,450nm,451nm,452nm,453nm,454nm,455nm,456nm,457nm,458nm,459nm,460nm,461nm,462nm,463nm,464nm,465nm,466nm,467nm,468nm,469nm,470nm,471nm,472nm,473nm,474nm,475nm,476nm,477nm,478nm,479nm,480nm,481nm,482nm,483nm,484nm,485nm,486nm,487nm,488nm,489nm,490nm,491nm,492nm,493nm,494nm,495nm,496nm,497nm,498nm,499nm,500nm,501nm,502nm,503nm,504nm,505nm,506nm,507nm,508nm,509nm,510nm,511nm,512nm,513nm,514nm,515nm,516nm,517nm,518nm,519nm,520nm,521nm,522nm,523nm,524nm,525nm,526nm,527nm,528nm,529nm,530nm,531nm,532nm,533nm,534nm,535nm,536nm,537nm,538nm,539nm,540nm,541nm,542nm,543nm,544nm,545nm,546nm,547nm,548nm,549nm,550nm,551nm,552nm,553nm,554nm,555nm,556nm,557nm,558nm,559nm,560nm,561nm,562nm,563nm,564nm,565nm,566nm,567nm,568nm,569nm,570nm,571nm,572nm,573nm,574nm,575nm,576nm,577nm,578nm,579nm,580nm,581nm,582nm,583nm,584nm,585nm,586nm,587nm,588nm,589nm,590nm,591nm,592nm,593nm,594nm,595nm,596nm,597nm,598nm,599nm,600nm,601nm,602nm,603nm,604nm,605nm,606nm,607nm,608nm,609nm,610nm,611nm,612nm,613nm,614nm,615nm,616nm,617nm,618nm,619nm,620nm,621nm,622nm,623nm,624nm,625nm,626nm,627nm,628nm,629nm,630nm,631nm,632nm,633nm,634nm,635nm,636nm,637nm,638nm,639nm,640nm,641nm,642nm,643nm,644nm,645nm,646nm,647nm,648nm,649nm,650nm,651nm,652nm,653nm,654nm,655nm,656nm,657nm,658nm,659nm,660nm,661nm,662nm,663nm,664nm,665nm,666nm,667nm,668nm,669nm,670nm,671nm,672nm,673nm,674nm,675nm,676nm,677nm,678nm,679nm,680nm,681nm,682nm,683nm,684nm,685nm,686nm,687nm,688nm,689nm,690nm,691nm,692nm,693nm,694nm,695nm,696nm,697nm,698nm,699nm,700nm,701nm,702nm,703nm,704nm,705nm,706nm,707nm,708nm,709nm,710nm,711nm,712nm,713nm,714nm,715nm,716nm,717nm,718nm,719nm,720nm,721nm,722nm,723nm,724nm,725nm,726nm,727nm,728nm,729nm,730nm,731nm,732nm,733nm,734nm,735nm,736nm,737nm,738nm,739nm,740nm,741nm,742nm,743nm,744nm,745nm,746nm,747nm,748nm,749nm,750nm,751nm,752nm,753nm,754nm,755nm,756nm,757nm,758nm,759nm,760nm,761nm,762nm,763nm,764nm,765nm,766nm,767nm,768nm,769nm,770nm,771nm,772nm,773nm,774nm,775nm,776nm,777nm,778nm,779nm,780nm,SYNC MODE,SYNC FRAME,SPEED MODE,DARK SETTING,IN-ND,CMF,ANGLE,WHITE POINT_Y,WHITE POINT_x,WHITE POINT_y,ACC,AVERAGING TIMES,INTEGRATION TIME,MEASUREMENT TIME,USER CH,NEGATIVE VALUE,DATE,TIME,ERR CODE,WARM-UP,TEMP. CHANGED,LONG TIME,INSTRUMENT,SERIAL NO,FW VERSION
1,1.24E+03,7.11E+02,1.13E+03,7.11E+02,0.40139678,0.23100301,0.323105,0.41837907,1839.85371,-0.08119465,-513.072606,52.6103534,207.068707,194.439056,-64.4163828,3.15E+00,444,-9.75E-06,-2.53E-06,-6.61E-07,-3.52E-07,1.59E-05,-3.36E-06,1.06E-05,-2.87E-06,1.38E-06,9.98E-06,4.79E-07,1.66E-06,-1.90E-06,1.31E-05,1.11E-05,6.16E-06,-6.38E-06,-5.44E-06,-6.36E-07,-6.38E-06,-8.73E-06,-8.63E-06,-2.36E-05,-1.47E-05,-7.27E-06,-4.40E-06,-1.17E-05,-1.57E-05,-2.17E-05,-1.77E-05,-1.77E-05,-1.80E-05,-1.88E-05,-1.86E-05,-2.04E-05,-2.14E-05,-3.46E-05,-3.30E-05,-3.63E-05,-2.97E-05,-4.18E-05,-4.62E-05,-4.89E-05,-4.93E-05,-5.68E-05,-6.23E-05,-7.10E-05,-6.47E-05,-7.51E-05,-5.62E-05,-1.53E-05,7.57E-05,2.16E-04,4.93E-04,9.81E-04,1.91E-03,3.25E-03,5.38E-03,8.64E-03,1.44E-02,2.14E-02,2.89E-02,3.55E-02,3.94E-02,4.04E-02,3.96E-02,3.85E-02,3.74E-02,3.63E-02,3.54E-02,3.45E-02,3.34E-02,3.22E-02,3.12E-02,3.02E-02,2.93E-02,2.85E-02,2.78E-02,2.71E-02,2.63E-02,2.56E-02,2.48E-02,2.40E-02,2.34E-02,2.29E-02,2.25E-02,2.23E-02,2.19E-02,2.13E-02,2.03E-02,1.87E-02,1.56E-02,1.13E-02,6.31E-03,2.74E-03,1.04E-03,5.20E-04,3.89E-04,3.78E-04,3.99E-04,4.26E-04,4.74E-04,5.34E-04,6.09E-04,7.12E-04,8.44E-04,9.76E-04,1.10E-03,1.25E-03,1.39E-03,1.53E-03,1.67E-03,1.84E-03,1.98E-03,2.19E-03,2.51E-03,2.96E-03,3.38E-03,3.61E-03,3.57E-03,3.34E-03,3.07E-03,2.82E-03,2.61E-03,2.44E-03,2.35E-03,2.30E-03,2.26E-03,2.25E-03,2.25E-03,2.23E-03,2.24E-03,2.25E-03,2.24E-03,2.26E-03,2.26E-03,2.25E-03,2.25E-03,2.23E-03,2.21E-03,2.21E-03,2.20E-03,2.20E-03,2.19E-03,2.17E-03,2.16E-03,2.17E-03,2.18E-03,2.19E-03,2.25E-03,2.31E-03,2.42E-03,2.52E-03,2.62E-03,2.75E-03,2.85E-03,2.98E-03,3.14E-03,3.31E-03,3.49E-03,3.65E-03,3.81E-03,4.00E-03,4.21E-03,4.40E-03,4.48E-03,4.41E-03,4.29E-03,4.25E-03,4.36E-03,4.53E-03,4.65E-03,4.72E-03,4.72E-03,4.63E-03,4.53E-03,4.37E-03,4.19E-03,4.02E-03,3.87E-03,3.72E-03,3.58E-03,3.47E-03,3.37E-03,3.31E-03,3.24E-03,3.20E-03,3.17E-03,3.18E-03,3.23E-03,3.34E-03,3.48E-03,3.69E-03,3.94E-03,4.21E-03,4.52E-03,4.87E-03,5.27E-03,5.75E-03,6.32E-03,7.01E-03,7.81E-03,8.81E-03,9.93E-03,1.12E-02,1.26E-02,1.42E-02,1.58E-02,1.77E-02,1.95E-02,2.14E-02,2.32E-02,2.48E-02,2.65E-02,2.79E-02,2.91E-02,3.01E-02,3.08E-02,3.14E-02,3.18E-02,3.20E-02,3.20E-02,3.18E-02,3.16E-02,3.12E-02,3.08E-02,3.03E-02,2.98E-02,2.93E-02,2.87E-02,2.81E-02,2.76E-02,2.71E-02,2.67E-02,2.64E-02,2.60E-02,2.57E-02,2.55E-02,2.52E-02,2.49E-02,2.47E-02,2.45E-02,2.44E-02,2.42E-02,2.40E-02,2.38E-02,2.35E-02,2.33E-02,2.30E-02,2.28E-02,2.26E-02,2.23E-02,2.20E-02,2.18E-02,2.15E-02,2.13E-02,2.10E-02,2.08E-02,2.05E-02,2.02E-02,2.00E-02,1.96E-02,1.93E-02,1.90E-02,1.87E-02,1.84E-02,1.81E-02,1.78E-02,1.75E-02,1.72E-02,1.70E-02,1.67E-02,1.65E-02,1.64E-02,1.62E-02,1.60E-02,1.57E-02,1.54E-02,1.48E-02,1.42E-02,1.35E-02,1.25E-02,1.15E-02,1.03E-02,9.17E-03,7.93E-03,6.83E-03,5.80E-03,4.87E-03,4.05E-03,3.34E-03,2.74E-03,2.21E-03,1.80E-03,1.46E-03,1.18E-03,9.57E-04,7.87E-04,6.47E-04,5.22E-04,4.33E-04,3.64E-04,3.02E-04,2.54E-04,2.22E-04,1.84E-04,1.62E-04,1.40E-04,1.19E-04,1.09E-04,1.00E-04,8.48E-05,7.60E-05,7.57E-05,6.32E-05,5.47E-05,5.78E-05,5.46E-05,4.80E-05,4.56E-05,4.26E-05,3.62E-05,3.94E-05,3.68E-05,3.39E-05,3.35E-05,3.21E-05,2.60E-05,2.42E-05,2.68E-05,2.70E-05,2.34E-05,2.81E-05,2.89E-05,2.91E-05,3.78E-05,3.70E-05,3.10E-05,3.47E-05,3.22E-05,3.25E-05,3.63E-05,3.82E-05,4.45E-05,3.84E-05,4.01E-05,4.37E-05,3.98E-05,4.47E-05,5.44E-05,5.28E-05,5.19E-05,4.90E-05,4.85E-05,4.60E-05,4.51E-05,4.02E-05,3.17E-05,3.86E-05,3.25E-05,3.49E-05,3.52E-05,3.36E-05,2.14E-05,3.13E-05,1.65E-05,2.35E-05,2.04E-05,1.87E-05,4.72E-06,1.16E-05,1.45E-05,1.79E-05,1.07E-05,4.87E-06,9.40E-06,1.02E-05,9.96E-06,4.16E-06,6.22E-06,3.37E-06,6.30E-06,1.51E-06,-2.81E-06,2.12E-07,1.51E-06,1.68E-05,9.74E-06,4.62E-06,4.57E-06,-2.28E-06,2.23E-05,4.89E-06,2.23E-06,1.20E-05,5.34E-06,-1.53E-07,-9.15E-06,-4.65E-06,1.94E-05,9.65E-06,INT SYNC:059.94[Hz],DOUBLE FRAME,NORMAL,STANDARD DARK,ONE,CIE1931 (2°),1°,100,0.33333333,0.33333333,NONE,3,662388,1987165,OFF,TRUE,2024/06/21,18:38:23,OK00,----,----,----,CS-3000HDR,3001075,1.00.0008
2,1.18E+03,7.06E+02,9.66E+02,7.06E+02,0.41334235,0.24773021,0.32128729,0.43325654,1857.11272,-0.07119774,-506.426901,48.2234576,206.532543,178.47683,-42.2563648,2.95E+00,444,8.22E-07,9.19E-06,7.69E-06,1.06E-05,5.89E-06,3.69E-06,9.05E-06,7.36E-06,1.38E-05,1.34E-05,1.13E-06,4.96E-06,4.06E-06,8.03E-06,5.22E-06,6.14E-06,2.59E-06,4.35E-06,4.35E-06,-1.15E-06,-1.72E-06,-2.09E-06,-8.09E-06,-1.06E-05,-3.03E-06,-3.52E-06,-5.23E-06,-2.89E-06,-9.14E-06,-1.24E-05,-2.23E-06,-1.27E-05,-7.78E-06,-7.19E-06,-1.61E-05,-1.39E-05,-1.48E-05,-1.37E-05,-2.33E-05,-2.76E-05,-2.68E-05,-3.19E-05,-3.38E-05,-4.37E-05,-4.71E-05,-5.30E-05,-5.30E-05,-6.12E-05,-5.43E-05,-3.91E-05,-1.06E-05,8.23E-05,2.16E-04,4.69E-04,8.99E-04,1.74E-03,2.93E-03,4.84E-03,7.79E-03,1.29E-02,1.90E-02,2.56E-02,3.12E-02,3.44E-02,3.51E-02,3.43E-02,3.32E-02,3.20E-02,3.08E-02,2.99E-02,2.90E-02,2.80E-02,2.70E-02,2.61E-02,2.53E-02,2.46E-02,2.39E-02,2.34E-02,2.28E-02,2.23E-02,2.16E-02,2.09E-02,2.03E-02,1.98E-02,1.93E-02,1.90E-02,1.87E-02,1.83E-02,1.78E-02,1.69E-02,1.55E-02,1.28E-02,9.12E-03,4.96E-03,2.04E-03,7.21E-04,3.24E-04,2.40E-04,2.56E-04,2.84E-04,3.24E-04,3.80E-04,4.62E-04,5.58E-04,6.83E-04,8.31E-04,9.96E-04,1.16E-03,1.33E-03,1.49E-03,1.64E-03,1.78E-03,1.92E-03,2.05E-03,2.21E-03,2.49E-03,2.85E-03,3.19E-03,3.36E-03,3.31E-03,3.11E-03,2.89E-03,2.71E-03,2.58E-03,2.49E-03,2.45E-03,2.43E-03,2.43E-03,2.44E-03,2.45E-03,2.46E-03,2.47E-03,2.49E-03,2.50E-03,2.50E-03,2.49E-03,2.46E-03,2.43E-03,2.42E-03,2.40E-03,2.38E-03,2.37E-03,2.35E-03,2.33E-03,2.31E-03,2.30E-03,2.31E-03,2.32E-03,2.35E-03,2.40E-03,2.48E-03,2.56E-03,2.68E-03,2.79E-03,2.90E-03,3.03E-03,3.18E-03,3.35E-03,3.53E-03,3.71E-03,3.89E-03,4.06E-03,4.27E-03,4.50E-03,4.74E-03,4.82E-03,4.79E-03,4.69E-03,4.67E-03,4.80E-03,4.99E-03,5.16E-03,5.25E-03,5.27E-03,5.20E-03,5.07E-03,4.89E-03,4.69E-03,4.47E-03,4.27E-03,4.10E-03,3.93E-03,3.78E-03,3.68E-03,3.58E-03,3.49E-03,3.42E-03,3.37E-03,3.37E-03,3.42E-03,3.54E-03,3.73E-03,3.97E-03,4.27E-03,4.62E-03,5.00E-03,5.43E-03,5.95E-03,6.55E-03,7.25E-03,8.08E-03,9.03E-03,1.02E-02,1.15E-02,1.29E-02,1.44E-02,1.59E-02,1.75E-02,1.93E-02,2.09E-02,2.25E-02,2.40E-02,2.53E-02,2.66E-02,2.75E-02,2.83E-02,2.89E-02,2.92E-02,2.95E-02,2.96E-02,2.95E-02,2.93E-02,2.92E-02,2.89E-02,2.86E-02,2.83E-02,2.79E-02,2.75E-02,2.72E-02,2.67E-02,2.64E-02,2.61E-02,2.58E-02,2.55E-02,2.53E-02,2.51E-02,2.50E-02,2.48E-02,2.46E-02,2.43E-02,2.42E-02,2.40E-02,2.38E-02,2.36E-02,2.33E-02,2.30E-02,2.27E-02,2.24E-02,2.21E-02,2.17E-02,2.13E-02,2.10E-02,2.06E-02,2.02E-02,1.98E-02,1.95E-02,1.92E-02,1.88E-02,1.85E-02,1.82E-02,1.79E-02,1.76E-02,1.73E-02,1.70E-02,1.67E-02,1.65E-02,1.62E-02,1.61E-02,1.59E-02,1.57E-02,1.56E-02,1.54E-02,1.53E-02,1.52E-02,1.51E-02,1.50E-02,1.48E-02,1.45E-02,1.41E-02,1.37E-02,1.31E-02,1.24E-02,1.15E-02,1.06E-02,9.66E-03,8.55E-03,7.53E-03,6.53E-03,5.57E-03,4.69E-03,3.92E-03,3.24E-03,2.61E-03,2.13E-03,1.73E-03,1.41E-03,1.14E-03,9.29E-04,7.53E-04,6.12E-04,5.06E-04,4.17E-04,3.46E-04,2.90E-04,2.47E-04,2.08E-04,1.76E-04,1.53E-04,1.32E-04,1.14E-04,1.01E-04,9.08E-05,8.55E-05,7.33E-05,6.93E-05,6.54E-05,5.76E-05,5.25E-05,4.80E-05,4.30E-05,3.90E-05,3.63E-05,3.93E-05,3.48E-05,3.39E-05,3.07E-05,3.14E-05,2.91E-05,3.42E-05,3.36E-05,2.92E-05,2.94E-05,2.63E-05,2.50E-05,3.34E-05,4.00E-05,3.45E-05,3.78E-05,3.32E-05,3.34E-05,3.25E-05,3.95E-05,3.89E-05,4.14E-05,4.22E-05,4.56E-05,4.61E-05,4.71E-05,4.78E-05,5.07E-05,4.82E-05,4.85E-05,5.28E-05,4.88E-05,4.91E-05,5.18E-05,4.88E-05,4.05E-05,3.82E-05,3.69E-05,3.71E-05,3.79E-05,3.85E-05,2.69E-05,2.51E-05,2.44E-05,2.30E-05,2.33E-05,2.34E-05,1.53E-05,2.14E-05,1.89E-05,1.35E-05,1.41E-05,1.74E-05,1.15E-05,1.70E-05,1.81E-05,6.73E-06,4.17E-06,2.69E-05,1.83E-05,4.91E-06,5.77E-06,1.91E-05,2.68E-05,2.98E-05,1.95E-05,4.27E-06,1.43E-05,1.87E-05,3.95E-05,2.20E-05,1.33E-05,1.57E-05,2.03E-05,7.89E-08,1.13E-06,1.72E-05,2.52E-05,5.16E-06,INT SYNC:059.94[Hz],DOUBLE FRAME,NORMAL,STANDARD DARK,TWO,CIE1931 (2°),1°,100,0.33333333,0.33333333,NONE,3,2665993,7997979,OFF,TRUE,2024/06/21,17:48:48,OK00,----,----,----,CS-3000HDR,3001075,1.00.0008
3,1.24E+03,7.24E+02,9.94E+02,7.24E+02,0.41982636,0.24454311,0.32960747,0.43198165,1755.92725,-0.0723787,-505.770281,50.6589303,208.426602,190.952972,-43.0706757,3.06E+00,444,3.17E-06,-9.83E-06,-4.06E-06,1.06E-05,-3.02E-06,-6.55E-06,-4.05E-06,8.81E-06,2.91E-06,-8.54E-08,-2.85E-06,3.29E-06,-1.06E-05,-3.47E-06,1.68E-06,-7.85E-06,-4.64E-06,-4.33E-06,6.42E-07,-4.54E-06,-1.43E-05,-1.34E-05,-8.83E-06,-1.66E-05,-2.53E-06,-5.80E-06,-6.62E-06,-1.92E-05,-1.87E-05,-1.99E-05,-7.59E-06,-1.56E-05,-1.82E-05,-1.49E-05,-2.27E-05,-1.93E-05,-2.30E-05,-1.85E-05,-3.16E-05,-3.11E-05,-2.74E-05,-4.19E-05,-4.08E-05,-3.99E-05,-4.90E-05,-5.77E-05,-5.91E-05,-6.83E-05,-6.48E-05,-4.88E-05,-1.86E-05,7.27E-05,2.07E-04,4.56E-04,8.94E-04,1.72E-03,2.94E-03,4.85E-03,7.84E-03,1.31E-02,1.93E-02,2.60E-02,3.19E-02,3.53E-02,3.60E-02,3.52E-02,3.41E-02,3.30E-02,3.18E-02,3.09E-02,2.99E-02,2.90E-02,2.79E-02,2.71E-02,2.62E-02,2.55E-02,2.49E-02,2.43E-02,2.37E-02,2.32E-02,2.25E-02,2.19E-02,2.12E-02,2.07E-02,2.03E-02,1.99E-02,1.96E-02,1.92E-02,1.88E-02,1.78E-02,1.64E-02,1.37E-02,9.88E-03,5.54E-03,2.42E-03,9.36E-04,4.69E-04,3.46E-04,2.88E-04,2.81E-04,2.70E-04,2.60E-04,2.60E-04,2.55E-04,2.71E-04,2.91E-04,3.03E-04,2.98E-04,3.00E-04,3.02E-04,2.95E-04,2.91E-04,3.40E-04,4.66E-04,7.67E-04,1.40E-03,2.18E-03,2.86E-03,3.19E-03,3.19E-03,2.95E-03,2.69E-03,2.46E-03,2.29E-03,2.15E-03,2.07E-03,2.01E-03,1.97E-03,1.95E-03,1.95E-03,1.97E-03,1.99E-03,2.02E-03,2.03E-03,2.05E-03,2.05E-03,2.04E-03,2.03E-03,2.02E-03,2.01E-03,1.99E-03,1.96E-03,1.93E-03,1.89E-03,1.85E-03,1.83E-03,1.82E-03,1.80E-03,1.81E-03,1.84E-03,1.88E-03,1.92E-03,1.99E-03,2.06E-03,2.16E-03,2.28E-03,2.39E-03,2.51E-03,2.65E-03,2.78E-03,2.90E-03,3.03E-03,3.19E-03,3.38E-03,3.57E-03,3.68E-03,3.68E-03,3.60E-03,3.63E-03,3.76E-03,3.93E-03,4.12E-03,4.22E-03,4.26E-03,4.23E-03,4.13E-03,3.98E-03,3.81E-03,3.66E-03,3.52E-03,3.39E-03,3.27E-03,3.16E-03,3.06E-03,2.99E-03,2.92E-03,2.87E-03,2.86E-03,2.87E-03,2.95E-03,3.11E-03,3.32E-03,3.64E-03,3.99E-03,4.43E-03,4.92E-03,5.52E-03,6.26E-03,7.14E-03,8.19E-03,9.41E-03,1.08E-02,1.25E-02,1.43E-02,1.62E-02,1.82E-02,2.01E-02,2.21E-02,2.41E-02,2.60E-02,2.76E-02,2.91E-02,3.02E-02,3.12E-02,3.20E-02,3.24E-02,3.27E-02,3.26E-02,3.24E-02,3.21E-02,3.16E-02,3.12E-02,3.08E-02,3.03E-02,2.97E-02,2.92E-02,2.86E-02,2.81E-02,2.76E-02,2.71E-02,2.68E-02,2.64E-02,2.60E-02,2.58E-02,2.55E-02,2.52E-02,2.50E-02,2.48E-02,2.45E-02,2.43E-02,2.40E-02,2.38E-02,2.36E-02,2.34E-02,2.32E-02,2.30E-02,2.28E-02,2.25E-02,2.23E-02,2.20E-02,2.17E-02,2.14E-02,2.11E-02,2.08E-02,2.05E-02,2.02E-02,2.00E-02,1.96E-02,1.94E-02,1.91E-02,1.88E-02,1.85E-02,1.82E-02,1.79E-02,1.77E-02,1.74E-02,1.72E-02,1.71E-02,1.69E-02,1.67E-02,1.65E-02,1.63E-02,1.62E-02,1.60E-02,1.59E-02,1.57E-02,1.55E-02,1.53E-02,1.50E-02,1.47E-02,1.44E-02,1.39E-02,1.33E-02,1.26E-02,1.18E-02,1.08E-02,9.85E-03,8.76E-03,7.65E-03,6.57E-03,5.54E-03,4.63E-03,3.75E-03,3.08E-03,2.51E-03,2.03E-03,1.65E-03,1.33E-03,1.09E-03,8.69E-04,7.13E-04,5.89E-04,4.85E-04,4.11E-04,3.44E-04,2.83E-04,2.44E-04,2.06E-04,1.81E-04,1.53E-04,1.36E-04,1.17E-04,1.07E-04,9.15E-05,8.18E-05,7.29E-05,6.73E-05,6.04E-05,5.78E-05,5.01E-05,4.53E-05,4.41E-05,4.03E-05,3.93E-05,3.86E-05,3.45E-05,3.67E-05,3.44E-05,3.32E-05,3.65E-05,3.44E-05,3.24E-05,2.62E-05,2.26E-05,3.24E-05,3.96E-05,3.43E-05,4.32E-05,3.99E-05,4.50E-05,3.79E-05,3.86E-05,3.73E-05,4.10E-05,3.64E-05,4.37E-05,4.96E-05,2.94E-05,5.41E-05,6.01E-05,4.46E-05,4.88E-05,5.01E-05,5.37E-05,4.31E-05,4.40E-05,3.55E-05,3.43E-05,3.61E-05,2.44E-05,3.44E-05,2.98E-05,3.59E-05,1.89E-05,1.92E-05,2.24E-05,3.25E-05,8.71E-06,1.18E-05,1.72E-05,1.27E-05,2.07E-05,9.48E-06,1.18E-05,1.78E-05,1.26E-05,4.49E-06,1.86E-05,9.20E-06,6.98E-06,7.49E-06,1.02E-05,-5.26E-06,-1.08E-06,1.33E-05,1.26E-06,8.33E-06,6.16E-06,6.17E-06,-1.09E-05,6.21E-06,2.41E-05,1.42E-05,6.32E-06,-9.41E-06,3.73E-06,8.75E-06,-1.28E-05,-3.63E-06,1.63E-05,-4.35E-06,INT SYNC:059.94[Hz],DOUBLE FRAME,NORMAL,STANDARD DARK,ONE,CIE1931 (2°),1°,100,0.33333333,0.33333333,NONE,3,659400,1978199,OFF,TRUE,2024/06/21,18:53:39,OK00,----,----,----,CS-3000HDR,3001075,1.00.0008
4,1.18E+03,6.90E+02,9.79E+02,6.90E+02,0.41356749,0.24238551,0.32554813,0.42929714,1804.79274,-0.07402934,-507.390354,50.3632511,204.816658,185.544352,-47.1473971,2.94E+00,444,1.58E-05,4.35E-06,1.24E-05,9.00E-06,3.68E-06,2.30E-06,7.09E-06,8.85E-06,6.69E-06,8.94E-06,2.47E-06,2.30E-06,4.35E-06,7.15E-06,9.39E-06,3.07E-06,-2.86E-08,9.49E-07,3.98E-06,-4.50E-06,-5.14E-06,-1.05E-06,-8.00E-06,-6.78E-06,-2.15E-06,1.25E-06,-7.00E-06,-9.43E-06,-1.14E-05,-1.06E-05,-3.98E-06,-8.23E-06,-8.25E-06,-9.07E-06,-1.53E-05,-1.63E-05,-1.55E-05,-1.55E-05,-2.34E-05,-2.65E-05,-3.36E-05,-3.23E-05,-3.83E-05,-4.46E-05,-4.69E-05,-5.18E-05,-5.51E-05,-5.94E-05,-5.71E-05,-4.78E-05,-4.27E-06,8.34E-05,2.10E-04,4.60E-04,8.86E-04,1.72E-03,2.90E-03,4.79E-03,7.75E-03,1.28E-02,1.89E-02,2.55E-02,3.10E-02,3.42E-02,3.49E-02,3.41E-02,3.31E-02,3.20E-02,3.09E-02,3.00E-02,2.91E-02,2.82E-02,2.72E-02,2.65E-02,2.57E-02,2.51E-02,2.44E-02,2.40E-02,2.34E-02,2.29E-02,2.23E-02,2.16E-02,2.10E-02,2.04E-02,2.00E-02,1.96E-02,1.93E-02,1.90E-02,1.86E-02,1.76E-02,1.62E-02,1.36E-02,9.92E-03,5.76E-03,2.81E-03,1.44E-03,9.91E-04,8.54E-04,7.98E-04,7.75E-04,7.59E-04,7.50E-04,7.59E-04,7.64E-04,7.92E-04,8.29E-04,8.44E-04,8.48E-04,8.41E-04,8.31E-04,8.11E-04,7.93E-04,8.15E-04,9.14E-04,1.19E-03,1.77E-03,2.46E-03,3.06E-03,3.36E-03,3.30E-03,3.06E-03,2.80E-03,2.58E-03,2.40E-03,2.29E-03,2.21E-03,2.16E-03,2.12E-03,2.12E-03,2.11E-03,2.13E-03,2.15E-03,2.17E-03,2.18E-03,2.20E-03,2.19E-03,2.18E-03,2.17E-03,2.16E-03,2.13E-03,2.11E-03,2.08E-03,2.04E-03,2.00E-03,1.98E-03,1.95E-03,1.96E-03,1.94E-03,1.97E-03,1.99E-03,2.02E-03,2.08E-03,2.16E-03,2.25E-03,2.36E-03,2.48E-03,2.60E-03,2.74E-03,2.89E-03,3.02E-03,3.16E-03,3.30E-03,3.47E-03,3.69E-03,3.91E-03,4.01E-03,4.01E-03,3.95E-03,3.96E-03,4.09E-03,4.29E-03,4.47E-03,4.59E-03,4.63E-03,4.57E-03,4.47E-03,4.29E-03,4.12E-03,3.94E-03,3.77E-03,3.63E-03,3.48E-03,3.37E-03,3.26E-03,3.17E-03,3.08E-03,3.01E-03,2.97E-03,2.98E-03,3.04E-03,3.18E-03,3.39E-03,3.64E-03,3.94E-03,4.29E-03,4.68E-03,5.14E-03,5.73E-03,6.39E-03,7.17E-03,8.10E-03,9.20E-03,1.05E-02,1.19E-02,1.35E-02,1.51E-02,1.68E-02,1.85E-02,2.04E-02,2.21E-02,2.37E-02,2.51E-02,2.63E-02,2.75E-02,2.83E-02,2.90E-02,2.94E-02,2.96E-02,2.97E-02,2.96E-02,2.94E-02,2.92E-02,2.90E-02,2.87E-02,2.83E-02,2.79E-02,2.76E-02,2.72E-02,2.69E-02,2.65E-02,2.61E-02,2.58E-02,2.56E-02,2.54E-02,2.52E-02,2.50E-02,2.49E-02,2.47E-02,2.45E-02,2.42E-02,2.40E-02,2.39E-02,2.36E-02,2.34E-02,2.32E-02,2.29E-02,2.26E-02,2.23E-02,2.19E-02,2.16E-02,2.12E-02,2.08E-02,2.04E-02,2.00E-02,1.96E-02,1.93E-02,1.90E-02,1.86E-02,1.83E-02,1.80E-02,1.77E-02,1.73E-02,1.70E-02,1.67E-02,1.65E-02,1.63E-02,1.61E-02,1.59E-02,1.58E-02,1.56E-02,1.55E-02,1.54E-02,1.52E-02,1.51E-02,1.50E-02,1.49E-02,1.47E-02,1.45E-02,1.41E-02,1.37E-02,1.32E-02,1.26E-02,1.18E-02,1.10E-02,1.01E-02,9.04E-03,8.03E-03,7.02E-03,6.04E-03,5.11E-03,4.28E-03,3.57E-03,2.88E-03,2.35E-03,1.90E-03,1.54E-03,1.26E-03,1.03E-03,8.36E-04,6.72E-04,5.51E-04,4.56E-04,3.78E-04,3.12E-04,2.65E-04,2.25E-04,1.93E-04,1.62E-04,1.42E-04,1.27E-04,1.12E-04,9.62E-05,8.86E-05,8.12E-05,7.28E-05,6.04E-05,5.91E-05,5.34E-05,4.76E-05,4.67E-05,4.74E-05,3.44E-05,3.78E-05,4.18E-05,3.91E-05,3.37E-05,3.28E-05,3.09E-05,3.36E-05,3.64E-05,3.07E-05,2.82E-05,2.67E-05,3.56E-05,3.87E-05,3.70E-05,3.77E-05,3.45E-05,3.94E-05,3.32E-05,3.55E-05,4.00E-05,3.77E-05,4.34E-05,4.28E-05,3.79E-05,4.78E-05,4.12E-05,5.46E-05,5.46E-05,5.03E-05,4.37E-05,4.98E-05,4.93E-05,4.42E-05,4.11E-05,4.02E-05,3.47E-05,3.88E-05,3.88E-05,3.85E-05,3.64E-05,3.10E-05,3.14E-05,1.62E-05,1.77E-05,3.30E-05,1.71E-05,2.42E-05,2.37E-05,1.96E-05,2.40E-05,2.16E-05,1.37E-05,1.96E-05,1.23E-05,1.95E-05,1.95E-05,1.19E-05,1.14E-05,1.17E-05,2.15E-05,1.08E-05,6.82E-06,1.87E-05,2.03E-05,2.04E-05,1.75E-06,1.64E-05,1.99E-05,1.26E-05,2.30E-05,2.52E-05,1.91E-05,1.87E-05,3.37E-05,9.29E-06,9.73E-06,6.62E-06,1.51E-05,2.65E-05,INT SYNC:059.94[Hz],DOUBLE FRAME,NORMAL,STANDARD DARK,TWO,CIE1931 (2°),1°,100,0.33333333,0.33333333,NONE,3,2619052,7857156,OFF,TRUE,2024/06/21,17:49:31,OK00,----,----,----,CS-3000HDR,3001075,1.00.0008
5,1.17E+03,7.03E+02,9.79E+02,7.03E+02,0.41122241,0.24619871,0.32052006,0.4317643,1867.91045,-0.07215008,-507.161689,48.4377164,206.246221,178.648475,-44.6075568,2.95E+00,444,1.52E-05,1.57E-06,5.99E-06,7.18E-06,2.14E-05,1.38E-06,8.11E-06,3.64E-06,1.62E-05,9.81E-06,1.49E-06,6.25E-06,9.53E-06,6.28E-06,8.63E-06,-6.15E-07,6.47E-07,3.99E-06,-1.74E-06,-3.67E-06,-2.30E-06,-1.96E-06,-3.84E-06,-7.10E-06,-3.33E-06,-1.38E-06,-2.10E-06,-1.04E-05,-1.23E-05,-1.07E-05,-8.42E-06,-1.30E-05,-1.16E-05,-1.09E-05,-1.09E-05,-1.45E-05,-1.96E-05,-1.68E-05,-2.17E-05,-2.21E-05,-2.79E-05,-2.74E-05,-3.49E-05,-4.11E-05,-5.02E-05,-5.98E-05,-5.86E-05,-5.78E-05,-5.45E-05,-3.91E-05,-2.49E-06,7.93E-05,2.18E-04,4.73E-04,9.10E-04,1.76E-03,2.98E-03,4.90E-03,7.90E-03,1.31E-02,1.93E-02,2.60E-02,3.17E-02,3.49E-02,3.56E-02,3.48E-02,3.37E-02,3.25E-02,3.13E-02,3.03E-02,2.93E-02,2.84E-02,2.73E-02,2.65E-02,2.57E-02,2.49E-02,2.43E-02,2.37E-02,2.31E-02,2.26E-02,2.19E-02,2.12E-02,2.06E-02,2.00E-02,1.96E-02,1.92E-02,1.89E-02,1.85E-02,1.80E-02,1.70E-02,1.57E-02,1.29E-02,9.20E-03,4.99E-03,2.04E-03,7.01E-04,3.00E-04,2.24E-04,2.29E-04,2.58E-04,3.05E-04,3.66E-04,4.30E-04,5.28E-04,6.50E-04,7.86E-04,9.49E-04,1.11E-03,1.27E-03,1.44E-03,1.59E-03,1.73E-03,1.85E-03,1.99E-03,2.15E-03,2.43E-03,2.81E-03,3.15E-03,3.32E-03,3.26E-03,3.06E-03,2.85E-03,2.67E-03,2.54E-03,2.45E-03,2.41E-03,2.39E-03,2.38E-03,2.39E-03,2.41E-03,2.42E-03,2.43E-03,2.44E-03,2.45E-03,2.45E-03,2.43E-03,2.41E-03,2.38E-03,2.36E-03,2.35E-03,2.35E-03,2.33E-03,2.31E-03,2.27E-03,2.26E-03,2.25E-03,2.25E-03,2.28E-03,2.31E-03,2.35E-03,2.43E-03,2.51E-03,2.62E-03,2.73E-03,2.84E-03,2.97E-03,3.10E-03,3.27E-03,3.45E-03,3.64E-03,3.80E-03,3.98E-03,4.15E-03,4.41E-03,4.64E-03,4.73E-03,4.68E-03,4.58E-03,4.56E-03,4.69E-03,4.88E-03,5.06E-03,5.13E-03,5.16E-03,5.10E-03,4.97E-03,4.79E-03,4.59E-03,4.38E-03,4.19E-03,4.00E-03,3.84E-03,3.72E-03,3.60E-03,3.49E-03,3.42E-03,3.34E-03,3.31E-03,3.30E-03,3.36E-03,3.49E-03,3.68E-03,3.95E-03,4.27E-03,4.62E-03,5.03E-03,5.50E-03,6.08E-03,6.73E-03,7.49E-03,8.40E-03,9.44E-03,1.07E-02,1.21E-02,1.35E-02,1.51E-02,1.67E-02,1.84E-02,2.01E-02,2.18E-02,2.33E-02,2.47E-02,2.59E-02,2.70E-02,2.79E-02,2.85E-02,2.89E-02,2.92E-02,2.92E-02,2.92E-02,2.90E-02,2.89E-02,2.86E-02,2.83E-02,2.80E-02,2.76E-02,2.73E-02,2.69E-02,2.65E-02,2.62E-02,2.59E-02,2.56E-02,2.53E-02,2.51E-02,2.49E-02,2.47E-02,2.46E-02,2.44E-02,2.42E-02,2.40E-02,2.38E-02,2.36E-02,2.34E-02,2.32E-02,2.29E-02,2.27E-02,2.24E-02,2.20E-02,2.17E-02,2.13E-02,2.09E-02,2.06E-02,2.02E-02,1.98E-02,1.94E-02,1.91E-02,1.88E-02,1.84E-02,1.81E-02,1.77E-02,1.75E-02,1.71E-02,1.69E-02,1.66E-02,1.63E-02,1.61E-02,1.59E-02,1.57E-02,1.56E-02,1.54E-02,1.53E-02,1.52E-02,1.51E-02,1.50E-02,1.49E-02,1.47E-02,1.45E-02,1.43E-02,1.40E-02,1.36E-02,1.31E-02,1.24E-02,1.17E-02,1.09E-02,9.97E-03,8.95E-03,7.95E-03,6.93E-03,5.96E-03,5.06E-03,4.23E-03,3.52E-03,2.84E-03,2.32E-03,1.88E-03,1.53E-03,1.25E-03,1.01E-03,8.22E-04,6.68E-04,5.46E-04,4.49E-04,3.75E-04,3.16E-04,2.69E-04,2.20E-04,1.91E-04,1.59E-04,1.37E-04,1.22E-04,1.07E-04,9.37E-05,8.71E-05,7.97E-05,6.88E-05,6.49E-05,5.55E-05,5.58E-05,5.21E-05,4.44E-05,4.64E-05,4.24E-05,3.73E-05,3.70E-05,3.29E-05,3.23E-05,3.54E-05,2.55E-05,2.65E-05,3.47E-05,2.90E-05,3.43E-05,3.15E-05,2.99E-05,3.04E-05,4.13E-05,3.65E-05,3.57E-05,3.86E-05,3.58E-05,3.78E-05,3.63E-05,3.87E-05,4.12E-05,3.93E-05,4.50E-05,4.81E-05,4.61E-05,4.66E-05,5.69E-05,5.31E-05,4.86E-05,5.14E-05,5.35E-05,5.40E-05,4.64E-05,4.35E-05,3.08E-05,4.77E-05,3.04E-05,2.86E-05,2.83E-05,3.26E-05,2.95E-05,2.83E-05,2.69E-05,3.31E-05,2.13E-05,2.28E-05,1.83E-05,1.73E-05,2.71E-05,1.99E-05,1.32E-05,1.26E-05,8.60E-06,1.28E-05,2.26E-05,8.18E-06,2.16E-05,1.35E-05,1.98E-05,1.70E-05,1.02E-05,3.34E-05,1.82E-05,6.96E-06,1.46E-05,1.28E-05,1.93E-05,1.31E-05,3.28E-05,1.31E-05,1.61E-05,2.37E-06,2.22E-05,2.73E-05,9.97E-06,1.53E-05,1.87E-05,1.04E-05,INT SYNC:059.94[Hz],DOUBLE FRAME,NORMAL,STANDARD DARK,TWO,CIE1931 (2°),1°,100,0.33333333,0.33333333,NONE,3,2664969,7994907,OFF,TRUE,2024/06/21,17:49:53,OK00,----,----,----,CS-3000HDR,3001075,1.00.0008
6,1.25E+03,7.18E+02,1.11E+03,7.18E+02,0.40550596,0.23380494,0.32475242,0.42129991,1817.42665,-0.07932366,-511.145555,52.2604812,207.791734,194.346132,-59.988891,3.16E+00,444,6.64E-06,-5.65E-06,4.88E-07,7.70E-07,1.25E-05,8.39E-06,1.78E-06,-2.11E-06,1.58E-05,7.41E-06,-7.09E-07,1.58E-05,4.43E-06,8.88E-06,-4.14E-06,3.06E-07,-2.43E-06,7.31E-07,-3.15E-06,-4.32E-06,-1.06E-05,-1.33E-05,-1.41E-05,-1.40E-05,-4.83E-06,-8.07E-06,-1.30E-05,-1.03E-05,-1.10E-05,-1.20E-05,-3.62E-06,-2.10E-05,-1.76E-05,-1.57E-05,-2.35E-05,-2.06E-05,-2.66E-05,-3.04E-05,-2.62E-05,-3.54E-05,-3.43E-05,-4.16E-05,-3.72E-05,-4.67E-05,-5.18E-05,-6.31E-05,-6.65E-05,-6.68E-05,-6.26E-05,-5.30E-05,-1.61E-05,6.71E-05,2.09E-04,4.77E-04,9.19E-04,1.79E-03,3.05E-03,5.05E-03,8.17E-03,1.35E-02,2.01E-02,2.72E-02,3.33E-02,3.70E-02,3.80E-02,3.74E-02,3.64E-02,3.54E-02,3.44E-02,3.36E-02,3.28E-02,3.20E-02,3.09E-02,3.01E-02,2.93E-02,2.86E-02,2.79E-02,2.74E-02,2.67E-02,2.60E-02,2.54E-02,2.47E-02,2.40E-02,2.34E-02,2.30E-02,2.26E-02,2.24E-02,2.21E-02,2.16E-02,2.06E-02,1.91E-02,1.63E-02,1.23E-02,7.59E-03,4.21E-03,2.57E-03,2.01E-03,1.82E-03,1.73E-03,1.68E-03,1.66E-03,1.65E-03,1.65E-03,1.67E-03,1.72E-03,1.77E-03,1.79E-03,1.81E-03,1.81E-03,1.79E-03,1.75E-03,1.74E-03,1.73E-03,1.78E-03,1.95E-03,2.41E-03,3.00E-03,3.54E-03,3.81E-03,3.73E-03,3.45E-03,3.14E-03,2.85E-03,2.61E-03,2.43E-03,2.33E-03,2.27E-03,2.21E-03,2.19E-03,2.17E-03,2.17E-03,2.19E-03,2.20E-03,2.21E-03,2.22E-03,2.23E-03,2.22E-03,2.21E-03,2.21E-03,2.19E-03,2.18E-03,2.17E-03,2.14E-03,2.12E-03,2.09E-03,2.07E-03,2.08E-03,2.05E-03,2.07E-03,2.11E-03,2.17E-03,2.23E-03,2.33E-03,2.42E-03,2.54E-03,2.65E-03,2.77E-03,2.92E-03,3.09E-03,3.24E-03,3.40E-03,3.55E-03,3.73E-03,3.93E-03,4.15E-03,4.23E-03,4.18E-03,4.09E-03,4.08E-03,4.20E-03,4.38E-03,4.54E-03,4.63E-03,4.64E-03,4.60E-03,4.47E-03,4.33E-03,4.14E-03,3.99E-03,3.83E-03,3.68E-03,3.54E-03,3.43E-03,3.33E-03,3.26E-03,3.19E-03,3.12E-03,3.08E-03,3.08E-03,3.14E-03,3.24E-03,3.40E-03,3.64E-03,3.90E-03,4.18E-03,4.50E-03,4.85E-03,5.31E-03,5.81E-03,6.44E-03,7.17E-03,8.03E-03,9.11E-03,1.03E-02,1.17E-02,1.32E-02,1.48E-02,1.65E-02,1.84E-02,2.03E-02,2.22E-02,2.40E-02,2.57E-02,2.73E-02,2.87E-02,2.98E-02,3.08E-02,3.15E-02,3.21E-02,3.23E-02,3.24E-02,3.24E-02,3.22E-02,3.19E-02,3.15E-02,3.10E-02,3.06E-02,3.01E-02,2.96E-02,2.90E-02,2.84E-02,2.79E-02,2.74E-02,2.70E-02,2.67E-02,2.63E-02,2.60E-02,2.58E-02,2.55E-02,2.53E-02,2.51E-02,2.49E-02,2.47E-02,2.46E-02,2.44E-02,2.41E-02,2.39E-02,2.36E-02,2.34E-02,2.31E-02,2.29E-02,2.26E-02,2.24E-02,2.21E-02,2.18E-02,2.15E-02,2.13E-02,2.10E-02,2.07E-02,2.04E-02,2.01E-02,1.98E-02,1.95E-02,1.92E-02,1.88E-02,1.85E-02,1.82E-02,1.79E-02,1.76E-02,1.74E-02,1.71E-02,1.69E-02,1.67E-02,1.66E-02,1.64E-02,1.62E-02,1.59E-02,1.56E-02,1.51E-02,1.44E-02,1.37E-02,1.28E-02,1.17E-02,1.06E-02,9.43E-03,8.19E-03,7.08E-03,6.04E-03,5.08E-03,4.23E-03,3.49E-03,2.88E-03,2.32E-03,1.88E-03,1.53E-03,1.24E-03,1.01E-03,8.25E-04,6.75E-04,5.49E-04,4.59E-04,3.80E-04,3.16E-04,2.69E-04,2.30E-04,1.95E-04,1.71E-04,1.43E-04,1.31E-04,1.10E-04,9.83E-05,9.00E-05,7.79E-05,6.77E-05,6.61E-05,6.09E-05,5.65E-05,5.25E-05,4.90E-05,4.46E-05,3.74E-05,4.23E-05,3.34E-05,3.75E-05,3.73E-05,3.41E-05,3.46E-05,2.77E-05,2.37E-05,2.76E-05,3.33E-05,3.11E-05,1.96E-05,2.47E-05,3.46E-05,3.52E-05,3.46E-05,2.92E-05,4.13E-05,2.85E-05,3.08E-05,3.33E-05,3.43E-05,3.92E-05,3.62E-05,4.38E-05,4.38E-05,4.56E-05,4.36E-05,5.58E-05,4.12E-05,4.67E-05,5.34E-05,5.22E-05,4.29E-05,3.90E-05,2.98E-05,3.18E-05,3.21E-05,2.83E-05,2.27E-05,3.21E-05,2.72E-05,2.17E-05,3.00E-05,2.66E-05,2.81E-05,2.04E-05,2.51E-05,1.39E-05,4.26E-06,-5.86E-08,7.29E-06,1.24E-05,1.29E-05,4.67E-06,1.10E-05,1.05E-05,2.42E-06,9.58E-06,7.22E-06,6.02E-06,8.70E-06,1.01E-06,7.61E-06,5.00E-06,1.33E-05,-6.72E-06,8.49E-06,1.16E-05,2.21E-05,2.95E-05,-5.23E-06,3.15E-06,9.69E-06,4.05E-05,9.14E-06,-1.30E-06,6.43E-07,6.55E-06,6.50E-06,INT SYNC:059.94[Hz],DOUBLE FRAME,NORMAL,STANDARD DARK,ONE,CIE1931 (2°),1°,100,0.33333333,0.33333333,NONE,3,660683,1982049,OFF,TRUE,2024/06/21,18:40:15,OK00,----,----,----,CS-3000HDR,3001075,1.00.0008
7,1.25E+03,7.15E+02,1.10E+03,7.15E+02,0.40919504,0.23315689,0.32870421,0.42141081,1768.93713,-0.07939546,-510.24667,53.1885929,207.432545,198.606828,-59.0489707,3.16E+00,444,4.51E-06,1.15E-05,-6.57E-06,7.71E-06,-2.76E-06,2.44E-06,1.02E-07,-1.23E-05,-1.00E-06,1.04E-05,1.08E-05,-6.38E-06,7.37E-06,1.30E-05,5.30E-06,1.45E-06,9.60E-07,6.64E-07,-3.66E-07,-5.96E-06,-4.60E-07,-8.11E-06,-1.15E-05,-9.02E-06,-6.42E-06,-9.53E-06,-8.97E-06,-8.65E-06,-2.02E-05,-1.37E-05,-1.81E-05,-1.70E-05,-1.43E-05,-2.22E-05,-1.16E-05,-1.98E-05,-2.41E-05,-2.89E-05,-3.22E-05,-3.21E-05,-3.30E-05,-3.40E-05,-4.35E-05,-5.65E-05,-5.41E-05,-6.39E-05,-6.52E-05,-6.90E-05,-7.10E-05,-5.25E-05,-1.17E-05,6.86E-05,2.19E-04,4.86E-04,9.56E-04,1.86E-03,3.17E-03,5.25E-03,8.44E-03,1.41E-02,2.08E-02,2.81E-02,3.45E-02,3.83E-02,3.93E-02,3.85E-02,3.75E-02,3.63E-02,3.51E-02,3.42E-02,3.33E-02,3.22E-02,3.11E-02,3.01E-02,2.92E-02,2.83E-02,2.75E-02,2.69E-02,2.62E-02,2.55E-02,2.48E-02,2.40E-02,2.33E-02,2.27E-02,2.22E-02,2.18E-02,2.15E-02,2.12E-02,2.06E-02,1.96E-02,1.80E-02,1.51E-02,1.09E-02,6.13E-03,2.66E-03,1.02E-03,5.16E-04,3.99E-04,3.72E-04,3.89E-04,4.24E-04,4.63E-04,5.14E-04,5.91E-04,6.92E-04,8.09E-04,9.42E-04,1.07E-03,1.20E-03,1.33E-03,1.47E-03,1.59E-03,1.72E-03,1.87E-03,2.04E-03,2.35E-03,2.76E-03,3.16E-03,3.37E-03,3.32E-03,3.10E-03,2.84E-03,2.60E-03,2.41E-03,2.25E-03,2.18E-03,2.14E-03,2.12E-03,2.10E-03,2.09E-03,2.09E-03,2.09E-03,2.10E-03,2.11E-03,2.12E-03,2.11E-03,2.11E-03,2.11E-03,2.08E-03,2.08E-03,2.06E-03,2.06E-03,2.04E-03,2.04E-03,2.02E-03,2.02E-03,2.02E-03,2.02E-03,2.05E-03,2.09E-03,2.16E-03,2.23E-03,2.34E-03,2.44E-03,2.54E-03,2.64E-03,2.77E-03,2.91E-03,3.06E-03,3.24E-03,3.38E-03,3.54E-03,3.70E-03,3.91E-03,4.10E-03,4.16E-03,4.10E-03,3.98E-03,3.96E-03,4.06E-03,4.21E-03,4.34E-03,4.39E-03,4.39E-03,4.34E-03,4.21E-03,4.07E-03,3.92E-03,3.76E-03,3.61E-03,3.47E-03,3.33E-03,3.22E-03,3.14E-03,3.07E-03,3.01E-03,2.97E-03,2.93E-03,2.94E-03,2.99E-03,3.08E-03,3.24E-03,3.45E-03,3.69E-03,3.97E-03,4.29E-03,4.64E-03,5.09E-03,5.58E-03,6.17E-03,6.88E-03,7.71E-03,8.76E-03,9.92E-03,1.13E-02,1.27E-02,1.44E-02,1.61E-02,1.80E-02,1.99E-02,2.18E-02,2.37E-02,2.54E-02,2.71E-02,2.86E-02,2.98E-02,3.09E-02,3.18E-02,3.25E-02,3.28E-02,3.30E-02,3.31E-02,3.29E-02,3.27E-02,3.23E-02,3.19E-02,3.14E-02,3.10E-02,3.04E-02,2.98E-02,2.92E-02,2.87E-02,2.82E-02,2.77E-02,2.74E-02,2.70E-02,2.66E-02,2.64E-02,2.61E-02,2.58E-02,2.56E-02,2.54E-02,2.52E-02,2.50E-02,2.48E-02,2.45E-02,2.42E-02,2.39E-02,2.37E-02,2.34E-02,2.32E-02,2.29E-02,2.27E-02,2.24E-02,2.22E-02,2.19E-02,2.17E-02,2.14E-02,2.12E-02,2.09E-02,2.06E-02,2.03E-02,2.00E-02,1.97E-02,1.94E-02,1.90E-02,1.87E-02,1.84E-02,1.82E-02,1.79E-02,1.77E-02,1.74E-02,1.72E-02,1.70E-02,1.68E-02,1.66E-02,1.64E-02,1.60E-02,1.55E-02,1.48E-02,1.40E-02,1.30E-02,1.19E-02,1.07E-02,9.50E-03,8.20E-03,7.04E-03,5.98E-03,5.01E-03,4.17E-03,3.42E-03,2.81E-03,2.27E-03,1.84E-03,1.49E-03,1.21E-03,9.92E-04,8.12E-04,6.65E-04,5.39E-04,4.45E-04,3.72E-04,3.15E-04,2.61E-04,2.23E-04,1.92E-04,1.68E-04,1.45E-04,1.24E-04,1.10E-04,9.71E-05,9.06E-05,8.30E-05,7.97E-05,6.63E-05,6.26E-05,5.82E-05,5.55E-05,4.52E-05,3.87E-05,4.01E-05,3.90E-05,3.70E-05,3.63E-05,3.53E-05,3.60E-05,2.90E-05,2.70E-05,2.58E-05,2.84E-05,2.90E-05,3.12E-05,3.19E-05,2.99E-05,2.84E-05,2.93E-05,3.22E-05,3.02E-05,3.99E-05,3.59E-05,2.95E-05,3.43E-05,3.50E-05,3.69E-05,3.22E-05,4.29E-05,4.25E-05,4.08E-05,4.05E-05,4.99E-05,4.72E-05,4.31E-05,5.56E-05,5.20E-05,4.80E-05,5.19E-05,4.37E-05,3.53E-05,3.47E-05,3.65E-05,3.82E-05,3.69E-05,3.60E-05,2.54E-05,2.12E-05,1.25E-05,1.79E-05,1.14E-05,2.00E-05,1.46E-05,1.93E-05,1.63E-05,7.76E-06,1.98E-05,1.72E-05,1.54E-05,1.55E-05,-3.80E-06,4.68E-06,1.46E-05,5.80E-06,1.85E-05,-8.29E-07,1.15E-07,6.65E-06,1.09E-06,1.68E-05,1.27E-05,7.25E-06,-7.90E-06,9.23E-06,1.91E-05,-1.40E-05,-1.52E-06,5.63E-06,1.76E-05,-4.39E-06,-8.35E-06,2.94E-06,9.84E-06,7.11E-07,INT SYNC:059.94[Hz],DOUBLE FRAME,NORMAL,STANDARD DARK,ONE,CIE1931 (2°),1°,100,0.33333333,0.33333333,NONE,3,659449,1978347,OFF,TRUE,2024/06/21,18:40:44,OK00,----,----,----,CS-3000HDR,3001075,1.00.0008
8,1.26E+03,7.24E+02,1.02E+03,7.24E+02,0.4205507,0.24079818,0.33320997,0.42927476,1716.11453,-0.07426828,-506.290293,52.2617084,208.410747,197.582101,-46.5779246,3.11E+00,444,1.49E-05,4.26E-06,9.21E-06,1.01E-05,1.68E-05,2.11E-06,8.66E-06,3.16E-06,9.50E-06,8.25E-06,-9.28E-07,1.96E-05,5.75E-06,1.01E-05,1.14E-05,-9.96E-07,-6.66E-07,-8.67E-07,3.43E-06,1.61E-06,-9.35E-06,-4.64E-06,-1.18E-05,-9.24E-06,-4.59E-06,-5.34E-06,-3.44E-06,-9.63E-06,-6.90E-06,-1.52E-05,-2.88E-06,-1.32E-05,-1.33E-05,-6.83E-06,-1.27E-05,-1.12E-05,-1.75E-05,-1.51E-05,-2.43E-05,-2.76E-05,-2.64E-05,-3.49E-05,-3.94E-05,-3.74E-05,-4.99E-05,-5.92E-05,-5.30E-05,-5.24E-05,-5.63E-05,-4.81E-05,-2.20E-07,7.99E-05,2.24E-04,4.84E-04,9.39E-04,1.82E-03,3.08E-03,5.09E-03,8.16E-03,1.35E-02,1.99E-02,2.68E-02,3.26E-02,3.60E-02,3.68E-02,3.59E-02,3.48E-02,3.37E-02,3.25E-02,3.15E-02,3.05E-02,2.96E-02,2.86E-02,2.77E-02,2.69E-02,2.61E-02,2.55E-02,2.49E-02,2.44E-02,2.38E-02,2.31E-02,2.24E-02,2.18E-02,2.12E-02,2.07E-02,2.04E-02,2.01E-02,1.97E-02,1.92E-02,1.82E-02,1.67E-02,1.39E-02,1.00E-02,5.66E-03,2.54E-03,1.10E-03,6.36E-04,5.06E-04,4.55E-04,4.42E-04,4.33E-04,4.23E-04,4.22E-04,4.20E-04,4.43E-04,4.63E-04,4.75E-04,4.70E-04,4.67E-04,4.63E-04,4.48E-04,4.49E-04,4.86E-04,6.02E-04,8.86E-04,1.47E-03,2.19E-03,2.80E-03,3.10E-03,3.05E-03,2.82E-03,2.57E-03,2.34E-03,2.18E-03,2.04E-03,1.97E-03,1.92E-03,1.88E-03,1.86E-03,1.86E-03,1.88E-03,1.90E-03,1.92E-03,1.94E-03,1.95E-03,1.95E-03,1.94E-03,1.92E-03,1.91E-03,1.90E-03,1.87E-03,1.85E-03,1.81E-03,1.78E-03,1.74E-03,1.73E-03,1.71E-03,1.71E-03,1.71E-03,1.72E-03,1.77E-03,1.81E-03,1.88E-03,1.95E-03,2.05E-03,2.15E-03,2.25E-03,2.38E-03,2.49E-03,2.61E-03,2.73E-03,2.86E-03,3.01E-03,3.19E-03,3.40E-03,3.51E-03,3.48E-03,3.43E-03,3.45E-03,3.58E-03,3.76E-03,3.90E-03,4.02E-03,4.06E-03,4.02E-03,3.92E-03,3.78E-03,3.62E-03,3.45E-03,3.32E-03,3.20E-03,3.07E-03,2.97E-03,2.88E-03,2.79E-03,2.74E-03,2.67E-03,2.65E-03,2.66E-03,2.74E-03,2.89E-03,3.09E-03,3.38E-03,3.71E-03,4.09E-03,4.53E-03,5.07E-03,5.78E-03,6.59E-03,7.53E-03,8.67E-03,1.00E-02,1.16E-02,1.33E-02,1.51E-02,1.71E-02,1.90E-02,2.10E-02,2.31E-02,2.50E-02,2.68E-02,2.83E-02,2.97E-02,3.09E-02,3.17E-02,3.23E-02,3.27E-02,3.28E-02,3.27E-02,3.26E-02,3.23E-02,3.20E-02,3.16E-02,3.12E-02,3.08E-02,3.03E-02,2.98E-02,2.94E-02,2.89E-02,2.85E-02,2.81E-02,2.78E-02,2.74E-02,2.72E-02,2.70E-02,2.68E-02,2.66E-02,2.64E-02,2.61E-02,2.59E-02,2.57E-02,2.54E-02,2.52E-02,2.50E-02,2.47E-02,2.45E-02,2.42E-02,2.39E-02,2.35E-02,2.31E-02,2.28E-02,2.24E-02,2.20E-02,2.16E-02,2.13E-02,2.09E-02,2.06E-02,2.02E-02,2.00E-02,1.96E-02,1.93E-02,1.89E-02,1.86E-02,1.83E-02,1.80E-02,1.78E-02,1.76E-02,1.74E-02,1.73E-02,1.71E-02,1.69E-02,1.68E-02,1.66E-02,1.65E-02,1.64E-02,1.62E-02,1.60E-02,1.58E-02,1.55E-02,1.51E-02,1.46E-02,1.40E-02,1.33E-02,1.25E-02,1.16E-02,1.05E-02,9.44E-03,8.33E-03,7.22E-03,6.15E-03,5.19E-03,4.32E-03,3.50E-03,2.87E-03,2.31E-03,1.89E-03,1.53E-03,1.24E-03,1.01E-03,8.13E-04,6.67E-04,5.54E-04,4.56E-04,3.77E-04,3.26E-04,2.73E-04,2.31E-04,1.95E-04,1.70E-04,1.44E-04,1.27E-04,1.12E-04,1.03E-04,9.59E-05,7.95E-05,7.03E-05,6.64E-05,6.56E-05,6.00E-05,5.59E-05,4.76E-05,4.74E-05,4.14E-05,4.03E-05,4.01E-05,3.98E-05,3.82E-05,3.11E-05,3.81E-05,3.94E-05,3.97E-05,3.67E-05,2.96E-05,2.61E-05,3.59E-05,4.53E-05,4.04E-05,4.13E-05,4.33E-05,4.20E-05,3.86E-05,4.15E-05,3.83E-05,3.66E-05,3.63E-05,4.11E-05,4.34E-05,5.02E-05,5.15E-05,5.46E-05,5.66E-05,4.95E-05,5.68E-05,5.56E-05,5.02E-05,4.26E-05,3.81E-05,3.34E-05,4.14E-05,3.57E-05,3.59E-05,2.90E-05,3.47E-05,3.37E-05,2.93E-05,1.76E-05,3.48E-05,2.40E-05,1.85E-05,1.56E-05,1.60E-05,1.63E-05,1.83E-05,1.23E-05,1.33E-05,1.33E-05,1.67E-05,2.35E-05,1.11E-05,3.32E-05,1.80E-05,1.66E-05,2.09E-05,1.72E-05,2.53E-05,2.43E-05,1.42E-05,1.09E-05,2.66E-05,3.37E-06,-1.15E-08,2.85E-05,1.33E-05,6.96E-06,1.81E-06,2.19E-05,6.98E-06,-5.74E-06,2.62E-05,1.75E-05,1.06E-05,INT SYNC:059.94[Hz],DOUBLE FRAME,NORMAL,STANDARD DARK,TWO,CIE1931 (2°),1°,100,0.33333333,0.33333333,NONE,3,2396428,7189285,OFF,TRUE,2024/06/21,17:51:03,OK00,----,----,----,CS-3000HDR,3001075,1.00.0008
9,1.24E+03,7.27E+02,1.04E+03,7.27E+02,0.41358684,0.24140206,0.32632371,0.42855386,1795.55682,-0.07455426,-507.572668,50.7529522,208.678018,190.37634,-48.9690583,3.10E+00,444,1.23E-06,-4.20E-06,1.42E-05,1.90E-06,6.23E-06,-9.31E-07,7.94E-07,4.65E-06,2.56E-06,5.72E-06,1.15E-06,3.40E-06,-3.41E-06,-8.88E-06,5.74E-06,1.72E-06,-7.74E-06,3.24E-06,-6.08E-06,-6.37E-06,-1.15E-05,-1.08E-06,-1.44E-05,-1.41E-05,-1.26E-05,-9.04E-06,-1.15E-05,-1.07E-05,-7.86E-06,-1.18E-05,-1.21E-05,-1.30E-05,-1.76E-05,-1.78E-05,-1.20E-05,-1.77E-05,-2.70E-05,-2.11E-05,-2.83E-05,-2.90E-05,-3.12E-05,-3.45E-05,-4.44E-05,-4.45E-05,-4.90E-05,-6.24E-05,-6.37E-05,-7.31E-05,-7.25E-05,-6.00E-05,-1.76E-05,7.08E-05,2.06E-04,4.70E-04,9.23E-04,1.80E-03,3.02E-03,5.03E-03,8.11E-03,1.35E-02,2.00E-02,2.70E-02,3.30E-02,3.65E-02,3.73E-02,3.65E-02,3.54E-02,3.42E-02,3.30E-02,3.20E-02,3.11E-02,3.01E-02,2.91E-02,2.82E-02,2.74E-02,2.66E-02,2.60E-02,2.54E-02,2.49E-02,2.43E-02,2.36E-02,2.29E-02,2.23E-02,2.17E-02,2.12E-02,2.08E-02,2.05E-02,2.02E-02,1.97E-02,1.87E-02,1.73E-02,1.45E-02,1.05E-02,6.04E-03,2.79E-03,1.25E-03,7.58E-04,6.06E-04,5.55E-04,5.33E-04,5.19E-04,5.14E-04,5.08E-04,5.15E-04,5.40E-04,5.69E-04,5.76E-04,5.87E-04,5.82E-04,5.72E-04,5.58E-04,5.50E-04,5.89E-04,7.05E-04,1.00E-03,1.63E-03,2.43E-03,3.10E-03,3.46E-03,3.42E-03,3.17E-03,2.89E-03,2.66E-03,2.47E-03,2.33E-03,2.25E-03,2.19E-03,2.15E-03,2.12E-03,2.12E-03,2.14E-03,2.15E-03,2.18E-03,2.20E-03,2.22E-03,2.21E-03,2.21E-03,2.20E-03,2.18E-03,2.16E-03,2.15E-03,2.12E-03,2.07E-03,2.05E-03,2.01E-03,1.99E-03,1.97E-03,1.98E-03,1.97E-03,2.00E-03,2.04E-03,2.10E-03,2.17E-03,2.26E-03,2.37E-03,2.50E-03,2.63E-03,2.76E-03,2.89E-03,3.05E-03,3.18E-03,3.33E-03,3.48E-03,3.71E-03,3.92E-03,4.04E-03,4.02E-03,3.96E-03,3.97E-03,4.10E-03,4.30E-03,4.46E-03,4.60E-03,4.63E-03,4.58E-03,4.48E-03,4.32E-03,4.15E-03,3.96E-03,3.80E-03,3.66E-03,3.52E-03,3.41E-03,3.31E-03,3.21E-03,3.13E-03,3.07E-03,3.04E-03,3.05E-03,3.13E-03,3.28E-03,3.48E-03,3.79E-03,4.12E-03,4.51E-03,4.95E-03,5.46E-03,6.12E-03,6.90E-03,7.81E-03,8.89E-03,1.01E-02,1.16E-02,1.32E-02,1.50E-02,1.68E-02,1.87E-02,2.06E-02,2.25E-02,2.44E-02,2.61E-02,2.76E-02,2.88E-02,3.00E-02,3.08E-02,3.14E-02,3.17E-02,3.18E-02,3.18E-02,3.15E-02,3.12E-02,3.09E-02,3.05E-02,3.01E-02,2.96E-02,2.92E-02,2.87E-02,2.83E-02,2.79E-02,2.74E-02,2.70E-02,2.67E-02,2.64E-02,2.62E-02,2.60E-02,2.58E-02,2.56E-02,2.54E-02,2.52E-02,2.50E-02,2.48E-02,2.46E-02,2.44E-02,2.43E-02,2.40E-02,2.38E-02,2.36E-02,2.32E-02,2.29E-02,2.26E-02,2.23E-02,2.19E-02,2.15E-02,2.11E-02,2.07E-02,2.04E-02,2.01E-02,1.97E-02,1.94E-02,1.91E-02,1.87E-02,1.84E-02,1.81E-02,1.78E-02,1.75E-02,1.72E-02,1.70E-02,1.68E-02,1.66E-02,1.65E-02,1.63E-02,1.62E-02,1.60E-02,1.59E-02,1.57E-02,1.56E-02,1.54E-02,1.52E-02,1.49E-02,1.45E-02,1.40E-02,1.34E-02,1.27E-02,1.19E-02,1.10E-02,9.92E-03,8.87E-03,7.80E-03,6.74E-03,5.75E-03,4.83E-03,4.01E-03,3.26E-03,2.66E-03,2.16E-03,1.75E-03,1.42E-03,1.16E-03,9.40E-04,7.56E-04,6.25E-04,5.15E-04,4.29E-04,3.58E-04,3.03E-04,2.51E-04,2.24E-04,1.91E-04,1.60E-04,1.39E-04,1.21E-04,1.08E-04,9.96E-05,8.76E-05,7.56E-05,7.04E-05,6.34E-05,5.82E-05,4.86E-05,4.72E-05,4.84E-05,4.00E-05,3.95E-05,4.00E-05,3.76E-05,3.04E-05,2.87E-05,2.93E-05,2.84E-05,3.14E-05,3.02E-05,3.12E-05,2.42E-05,3.03E-05,3.60E-05,3.39E-05,3.05E-05,3.57E-05,3.49E-05,3.63E-05,3.09E-05,4.14E-05,4.17E-05,4.72E-05,3.86E-05,4.19E-05,4.40E-05,4.19E-05,5.23E-05,4.70E-05,4.54E-05,5.00E-05,5.97E-05,5.07E-05,4.42E-05,4.24E-05,3.81E-05,2.74E-05,2.86E-05,3.58E-05,3.22E-05,3.59E-05,2.91E-05,2.40E-05,2.08E-05,1.94E-05,1.93E-05,1.88E-05,6.81E-06,1.12E-05,1.73E-05,9.50E-06,3.44E-06,2.17E-06,1.60E-05,-3.39E-06,1.00E-05,2.05E-05,1.50E-05,1.28E-05,1.16E-05,1.32E-05,-3.32E-06,-7.19E-06,1.51E-05,5.95E-06,-5.30E-06,-2.74E-06,5.40E-06,1.18E-05,6.36E-06,3.43E-06,-6.89E-06,2.65E-06,9.03E-06,1.76E-05,4.75E-07,-1.20E-05,-8.68E-06,-1.80E-06,8.29E-06,INT SYNC:059.94[Hz],DOUBLE FRAME,NORMAL,STANDARD DARK,ONE,CIE1931 (2°),1°,100,0.33333333,0.33333333,NONE,3,663037,1989111,OFF,TRUE,2024/06/21,18:54:22,OK00,----,----,----,CS-3000HDR,3001075,1.00.0008
10,1.32E+03,7.74E+02,1.03E+03,7.74E+02,0.42138589,0.24801624,0.3283469,0.43482607,1769.82882,-0.07044511,-504.9008,49.5799265,213.490081,191.164314,-39.781729,3.24E+00,444,1.37E-05,1.64E-05,4.78E-06,1.57E-05,3.89E-06,4.52E-06,1.14E-05,7.63E-06,5.77E-06,5.89E-06,1.51E-05,6.30E-06,6.16E-06,8.60E-06,-1.33E-07,8.73E-06,-2.79E-06,-3.41E-06,-4.12E-06,1.34E-06,-1.44E-05,-5.11E-06,-4.61E-06,-6.19E-06,-1.54E-06,-2.12E-06,-1.37E-05,-1.19E-05,-1.37E-05,-1.04E-05,-5.98E-06,-1.85E-05,-1.50E-05,-1.30E-05,-2.00E-05,-1.39E-05,-2.18E-05,-1.97E-05,-1.64E-05,-3.28E-05,-3.06E-05,-3.84E-05,-3.89E-05,-4.08E-05,-4.81E-05,-5.82E-05,-6.52E-05,-6.57E-05,-6.34E-05,-4.47E-05,-3.12E-06,8.54E-05,2.29E-04,4.93E-04,9.62E-04,1.87E-03,3.14E-03,5.20E-03,8.38E-03,1.39E-02,2.04E-02,2.74E-02,3.34E-02,3.69E-02,3.76E-02,3.67E-02,3.55E-02,3.44E-02,3.31E-02,3.21E-02,3.11E-02,3.02E-02,2.90E-02,2.82E-02,2.73E-02,2.65E-02,2.58E-02,2.52E-02,2.47E-02,2.41E-02,2.33E-02,2.26E-02,2.20E-02,2.14E-02,2.09E-02,2.05E-02,2.02E-02,1.98E-02,1.93E-02,1.83E-02,1.67E-02,1.38E-02,9.84E-03,5.36E-03,2.21E-03,7.87E-04,3.37E-04,2.14E-04,1.77E-04,1.64E-04,1.56E-04,1.51E-04,1.44E-04,1.40E-04,1.48E-04,1.71E-04,1.74E-04,1.74E-04,1.79E-04,1.80E-04,1.76E-04,1.96E-04,2.63E-04,4.13E-04,7.81E-04,1.48E-03,2.33E-03,3.03E-03,3.38E-03,3.36E-03,3.11E-03,2.84E-03,2.59E-03,2.42E-03,2.28E-03,2.20E-03,2.14E-03,2.11E-03,2.09E-03,2.09E-03,2.10E-03,2.13E-03,2.16E-03,2.18E-03,2.20E-03,2.20E-03,2.19E-03,2.19E-03,2.17E-03,2.16E-03,2.13E-03,2.11E-03,2.06E-03,2.02E-03,1.98E-03,1.97E-03,1.94E-03,1.94E-03,1.94E-03,1.96E-03,2.00E-03,2.05E-03,2.12E-03,2.20E-03,2.30E-03,2.43E-03,2.54E-03,2.67E-03,2.82E-03,2.95E-03,3.08E-03,3.23E-03,3.39E-03,3.61E-03,3.84E-03,3.95E-03,3.93E-03,3.88E-03,3.92E-03,4.06E-03,4.26E-03,4.44E-03,4.60E-03,4.64E-03,4.59E-03,4.49E-03,4.31E-03,4.14E-03,3.98E-03,3.82E-03,3.67E-03,3.54E-03,3.42E-03,3.33E-03,3.23E-03,3.16E-03,3.10E-03,3.07E-03,3.10E-03,3.21E-03,3.38E-03,3.65E-03,3.99E-03,4.41E-03,4.90E-03,5.47E-03,6.16E-03,7.04E-03,8.07E-03,9.28E-03,1.07E-02,1.23E-02,1.43E-02,1.63E-02,1.85E-02,2.07E-02,2.29E-02,2.50E-02,2.72E-02,2.91E-02,3.08E-02,3.23E-02,3.34E-02,3.44E-02,3.50E-02,3.54E-02,3.55E-02,3.54E-02,3.50E-02,3.45E-02,3.39E-02,3.33E-02,3.26E-02,3.20E-02,3.12E-02,3.05E-02,2.99E-02,2.93E-02,2.86E-02,2.80E-02,2.74E-02,2.70E-02,2.65E-02,2.61E-02,2.57E-02,2.54E-02,2.50E-02,2.47E-02,2.44E-02,2.41E-02,2.38E-02,2.36E-02,2.33E-02,2.32E-02,2.30E-02,2.29E-02,2.28E-02,2.26E-02,2.25E-02,2.23E-02,2.22E-02,2.20E-02,2.18E-02,2.16E-02,2.14E-02,2.11E-02,2.09E-02,2.07E-02,2.05E-02,2.02E-02,1.99E-02,1.97E-02,1.95E-02,1.92E-02,1.91E-02,1.88E-02,1.87E-02,1.85E-02,1.83E-02,1.81E-02,1.79E-02,1.77E-02,1.75E-02,1.73E-02,1.71E-02,1.69E-02,1.67E-02,1.65E-02,1.63E-02,1.60E-02,1.58E-02,1.55E-02,1.51E-02,1.45E-02,1.38E-02,1.29E-02,1.18E-02,1.06E-02,9.37E-03,8.10E-03,6.87E-03,5.77E-03,4.69E-03,3.85E-03,3.12E-03,2.54E-03,2.05E-03,1.66E-03,1.35E-03,1.08E-03,8.92E-04,7.30E-04,6.03E-04,4.98E-04,4.16E-04,3.51E-04,3.02E-04,2.48E-04,2.18E-04,1.90E-04,1.64E-04,1.43E-04,1.27E-04,1.12E-04,1.07E-04,9.09E-05,8.48E-05,7.70E-05,6.76E-05,5.90E-05,6.19E-05,5.69E-05,5.37E-05,5.06E-05,4.82E-05,4.73E-05,4.46E-05,3.75E-05,4.17E-05,4.66E-05,4.21E-05,4.25E-05,3.81E-05,3.73E-05,3.83E-05,4.21E-05,5.13E-05,4.52E-05,5.19E-05,3.92E-05,4.79E-05,5.29E-05,5.32E-05,5.38E-05,4.02E-05,4.80E-05,4.88E-05,5.22E-05,4.76E-05,6.04E-05,5.78E-05,4.92E-05,4.73E-05,5.52E-05,5.37E-05,5.20E-05,4.53E-05,3.06E-05,4.86E-05,3.45E-05,3.05E-05,3.63E-05,3.53E-05,2.55E-05,3.12E-05,2.61E-05,2.04E-05,2.80E-05,3.16E-05,3.10E-05,2.85E-05,2.69E-05,2.03E-05,1.53E-05,2.44E-05,9.95E-06,1.18E-05,6.02E-06,4.94E-06,2.25E-05,2.41E-05,2.32E-05,1.92E-05,1.23E-05,2.06E-05,1.49E-05,9.61E-06,2.32E-05,1.84E-05,1.78E-06,4.89E-06,3.54E-05,2.32E-05,4.42E-06,8.56E-06,4.56E-05,2.25E-05,-1.46E-06,1.35E-05,2.93E-05,2.06E-05,INT SYNC:059.94[Hz],DOUBLE FRAME,NORMAL,STANDARD DARK,TWO,CIE1931 (2°),1°,100,0.33333333,0.33333333,NONE,3,2263939,6791817,OFF,TRUE,2024/06/21,17:51:48,OK00,----,----,----,CS-3000HDR,3001075,1.00.0008
11,1.17E+03,7.07E+02,9.91E+02,7.07E+02,0.40809413,0.24654136,0.31744044,0.43149345,1909.98221,-0.07214578,-507.804121,47.7319315,206.671703,175.568989,-45.6523532,2.95E+00,444,1.32E-05,9.05E-06,1.45E-05,7.22E-06,7.24E-06,6.44E-06,6.85E-06,6.88E-06,1.03E-05,5.47E-06,5.61E-06,8.14E-06,1.00E-08,7.19E-06,6.36E-06,6.72E-06,2.66E-06,-3.04E-06,7.35E-07,4.18E-06,-6.03E-06,-4.32E-06,-4.91E-06,-9.06E-06,-6.27E-06,-1.71E-06,-7.53E-06,-8.62E-06,-1.16E-05,-7.20E-06,-8.57E-06,-8.78E-06,-8.38E-06,-1.23E-05,-1.63E-05,-1.56E-05,-1.52E-05,-2.20E-05,-2.23E-05,-2.65E-05,-3.11E-05,-3.37E-05,-3.19E-05,-4.11E-05,-4.70E-05,-5.44E-05,-5.57E-05,-5.60E-05,-5.36E-05,-3.98E-05,-2.19E-06,7.13E-05,2.14E-04,4.62E-04,8.95E-04,1.73E-03,2.92E-03,4.84E-03,7.77E-03,1.29E-02,1.90E-02,2.56E-02,3.11E-02,3.44E-02,3.51E-02,3.43E-02,3.33E-02,3.21E-02,3.10E-02,3.01E-02,2.92E-02,2.84E-02,2.74E-02,2.66E-02,2.59E-02,2.53E-02,2.47E-02,2.42E-02,2.37E-02,2.32E-02,2.25E-02,2.18E-02,2.13E-02,2.07E-02,2.03E-02,1.99E-02,1.96E-02,1.93E-02,1.88E-02,1.79E-02,1.65E-02,1.38E-02,1.02E-02,5.98E-03,3.02E-03,1.67E-03,1.22E-03,1.06E-03,1.02E-03,9.82E-04,9.66E-04,9.59E-04,9.60E-04,9.81E-04,1.01E-03,1.06E-03,1.08E-03,1.07E-03,1.08E-03,1.06E-03,1.03E-03,1.02E-03,1.04E-03,1.14E-03,1.45E-03,2.08E-03,2.86E-03,3.51E-03,3.83E-03,3.79E-03,3.54E-03,3.26E-03,3.02E-03,2.84E-03,2.70E-03,2.62E-03,2.57E-03,2.54E-03,2.52E-03,2.53E-03,2.54E-03,2.57E-03,2.59E-03,2.62E-03,2.63E-03,2.62E-03,2.61E-03,2.59E-03,2.57E-03,2.56E-03,2.53E-03,2.50E-03,2.44E-03,2.42E-03,2.38E-03,2.36E-03,2.34E-03,2.34E-03,2.36E-03,2.38E-03,2.44E-03,2.52E-03,2.62E-03,2.73E-03,2.85E-03,2.99E-03,3.15E-03,3.32E-03,3.49E-03,3.67E-03,3.83E-03,4.00E-03,4.20E-03,4.46E-03,4.74E-03,4.87E-03,4.86E-03,4.78E-03,4.80E-03,4.97E-03,5.21E-03,5.42E-03,5.56E-03,5.60E-03,5.54E-03,5.41E-03,5.20E-03,4.98E-03,4.77E-03,4.56E-03,4.36E-03,4.21E-03,4.06E-03,3.93E-03,3.81E-03,3.71E-03,3.61E-03,3.57E-03,3.58E-03,3.64E-03,3.77E-03,3.98E-03,4.27E-03,4.56E-03,4.92E-03,5.30E-03,5.72E-03,6.26E-03,6.85E-03,7.56E-03,8.41E-03,9.37E-03,1.06E-02,1.18E-02,1.32E-02,1.47E-02,1.63E-02,1.79E-02,1.96E-02,2.12E-02,2.27E-02,2.41E-02,2.53E-02,2.64E-02,2.73E-02,2.80E-02,2.84E-02,2.87E-02,2.88E-02,2.89E-02,2.88E-02,2.86E-02,2.84E-02,2.82E-02,2.78E-02,2.75E-02,2.72E-02,2.68E-02,2.65E-02,2.61E-02,2.58E-02,2.55E-02,2.52E-02,2.50E-02,2.49E-02,2.46E-02,2.45E-02,2.43E-02,2.41E-02,2.39E-02,2.37E-02,2.34E-02,2.33E-02,2.30E-02,2.28E-02,2.25E-02,2.22E-02,2.18E-02,2.15E-02,2.11E-02,2.08E-02,2.04E-02,2.00E-02,1.96E-02,1.92E-02,1.89E-02,1.86E-02,1.83E-02,1.80E-02,1.76E-02,1.73E-02,1.70E-02,1.67E-02,1.65E-02,1.62E-02,1.60E-02,1.58E-02,1.56E-02,1.55E-02,1.53E-02,1.52E-02,1.50E-02,1.49E-02,1.49E-02,1.47E-02,1.46E-02,1.44E-02,1.42E-02,1.38E-02,1.34E-02,1.28E-02,1.22E-02,1.14E-02,1.05E-02,9.56E-03,8.51E-03,7.52E-03,6.52E-03,5.57E-03,4.71E-03,3.94E-03,3.26E-03,2.63E-03,2.15E-03,1.75E-03,1.42E-03,1.15E-03,9.33E-04,7.59E-04,6.17E-04,5.08E-04,4.21E-04,3.48E-04,2.96E-04,2.45E-04,2.08E-04,1.78E-04,1.53E-04,1.31E-04,1.15E-04,9.95E-05,8.96E-05,8.15E-05,7.12E-05,6.65E-05,5.80E-05,5.36E-05,4.96E-05,4.95E-05,4.43E-05,4.03E-05,3.44E-05,3.69E-05,3.75E-05,3.57E-05,3.58E-05,2.93E-05,3.01E-05,2.83E-05,3.05E-05,2.60E-05,3.13E-05,2.87E-05,3.17E-05,3.58E-05,3.75E-05,3.65E-05,3.79E-05,4.05E-05,3.22E-05,3.48E-05,3.63E-05,3.65E-05,4.37E-05,4.24E-05,4.19E-05,4.76E-05,4.79E-05,4.90E-05,5.78E-05,4.60E-05,4.75E-05,5.38E-05,5.57E-05,4.73E-05,4.76E-05,4.26E-05,3.42E-05,4.10E-05,3.54E-05,3.70E-05,3.50E-05,2.61E-05,2.54E-05,2.77E-05,2.57E-05,2.87E-05,1.61E-05,2.99E-05,2.34E-05,2.11E-05,2.19E-05,2.41E-05,1.32E-05,9.90E-06,2.24E-05,2.64E-05,1.70E-05,4.55E-06,1.67E-05,3.25E-05,1.68E-05,1.30E-05,1.33E-05,2.42E-05,1.57E-05,1.67E-05,2.13E-05,9.60E-06,1.42E-05,1.84E-05,2.67E-05,1.45E-05,3.58E-06,2.24E-05,1.67E-05,9.17E-06,9.23E-06,1.25E-05,3.59E-05,1.15E-05,INT SYNC:059.94[Hz],DOUBLE FRAME,NORMAL,STANDARD DARK,TWO,CIE1931 (2°),1°,100,0.33333333,0.33333333,NONE,3,2686456,8059368,OFF,TRUE,2024/06/21,17:52:08,OK00,----,----,----,CS-3000HDR,3001075,1.00.0008
12,1.21E+03,7.12E+02,1.07E+03,7.12E+02,0.4050286,0.23794054,0.32111809,0.42445343,1863.47081,-0.07704929,-510.402534,50.5494025,207.184855,186.632472,-55.7356363,3.08E+00,444,7.03E-06,-1.87E-06,-3.42E-06,6.28E-06,1.55E-05,6.56E-07,-6.83E-07,7.13E-06,5.15E-06,4.66E-06,1.13E-05,4.61E-06,4.88E-07,8.06E-06,-3.74E-07,4.94E-06,-5.02E-06,9.36E-09,-1.14E-05,4.83E-06,-7.14E-06,-7.79E-06,-1.53E-05,-8.88E-06,-4.33E-06,-7.68E-06,-1.79E-05,-1.81E-05,-1.69E-05,-1.58E-05,-2.02E-05,-1.61E-05,-2.01E-05,-1.59E-05,-2.25E-05,-2.28E-05,-2.54E-05,-2.63E-05,-2.96E-05,-3.28E-05,-3.57E-05,-4.06E-05,-4.57E-05,-4.72E-05,-5.60E-05,-6.33E-05,-6.19E-05,-7.25E-05,-6.55E-05,-5.28E-05,-1.90E-06,6.90E-05,2.17E-04,4.64E-04,9.22E-04,1.80E-03,3.07E-03,5.10E-03,8.19E-03,1.37E-02,2.03E-02,2.74E-02,3.35E-02,3.72E-02,3.82E-02,3.75E-02,3.64E-02,3.53E-02,3.41E-02,3.32E-02,3.23E-02,3.13E-02,3.01E-02,2.92E-02,2.83E-02,2.75E-02,2.67E-02,2.62E-02,2.54E-02,2.48E-02,2.40E-02,2.33E-02,2.27E-02,2.21E-02,2.16E-02,2.12E-02,2.10E-02,2.06E-02,2.01E-02,1.91E-02,1.76E-02,1.47E-02,1.07E-02,6.00E-03,2.66E-03,1.08E-03,5.86E-04,4.72E-04,4.63E-04,4.85E-04,5.27E-04,5.73E-04,6.35E-04,7.25E-04,8.43E-04,9.88E-04,1.14E-03,1.29E-03,1.44E-03,1.61E-03,1.75E-03,1.90E-03,2.05E-03,2.19E-03,2.37E-03,2.69E-03,3.10E-03,3.48E-03,3.69E-03,3.64E-03,3.42E-03,3.16E-03,2.92E-03,2.72E-03,2.59E-03,2.52E-03,2.47E-03,2.45E-03,2.43E-03,2.43E-03,2.45E-03,2.46E-03,2.46E-03,2.48E-03,2.48E-03,2.48E-03,2.48E-03,2.46E-03,2.43E-03,2.43E-03,2.42E-03,2.41E-03,2.39E-03,2.38E-03,2.36E-03,2.36E-03,2.36E-03,2.37E-03,2.40E-03,2.45E-03,2.52E-03,2.61E-03,2.74E-03,2.86E-03,2.98E-03,3.11E-03,3.25E-03,3.41E-03,3.60E-03,3.80E-03,3.97E-03,4.15E-03,4.34E-03,4.58E-03,4.81E-03,4.90E-03,4.82E-03,4.69E-03,4.67E-03,4.79E-03,4.98E-03,5.11E-03,5.20E-03,5.19E-03,5.12E-03,4.99E-03,4.82E-03,4.63E-03,4.45E-03,4.26E-03,4.09E-03,3.93E-03,3.82E-03,3.71E-03,3.62E-03,3.55E-03,3.49E-03,3.44E-03,3.44E-03,3.48E-03,3.59E-03,3.74E-03,3.95E-03,4.20E-03,4.47E-03,4.75E-03,5.10E-03,5.46E-03,5.89E-03,6.39E-03,7.02E-03,7.73E-03,8.64E-03,9.64E-03,1.08E-02,1.21E-02,1.35E-02,1.51E-02,1.68E-02,1.86E-02,2.04E-02,2.21E-02,2.38E-02,2.54E-02,2.68E-02,2.81E-02,2.92E-02,3.00E-02,3.07E-02,3.11E-02,3.14E-02,3.15E-02,3.14E-02,3.12E-02,3.09E-02,3.05E-02,3.01E-02,2.97E-02,2.92E-02,2.86E-02,2.81E-02,2.76E-02,2.71E-02,2.67E-02,2.63E-02,2.59E-02,2.56E-02,2.53E-02,2.50E-02,2.47E-02,2.45E-02,2.43E-02,2.41E-02,2.39E-02,2.36E-02,2.34E-02,2.31E-02,2.29E-02,2.26E-02,2.24E-02,2.21E-02,2.18E-02,2.16E-02,2.13E-02,2.11E-02,2.08E-02,2.06E-02,2.04E-02,2.02E-02,1.99E-02,1.96E-02,1.93E-02,1.90E-02,1.87E-02,1.84E-02,1.82E-02,1.79E-02,1.76E-02,1.74E-02,1.71E-02,1.69E-02,1.67E-02,1.64E-02,1.63E-02,1.61E-02,1.59E-02,1.56E-02,1.53E-02,1.48E-02,1.41E-02,1.33E-02,1.23E-02,1.12E-02,1.01E-02,8.86E-03,7.60E-03,6.50E-03,5.48E-03,4.57E-03,3.79E-03,3.11E-03,2.53E-03,2.03E-03,1.65E-03,1.34E-03,1.10E-03,8.84E-04,7.22E-04,5.95E-04,4.83E-04,4.06E-04,3.41E-04,2.88E-04,2.41E-04,2.10E-04,1.77E-04,1.51E-04,1.32E-04,1.12E-04,9.89E-05,9.03E-05,8.41E-05,7.60E-05,6.80E-05,6.52E-05,5.66E-05,4.96E-05,5.10E-05,4.49E-05,3.84E-05,3.97E-05,3.74E-05,3.43E-05,3.28E-05,3.08E-05,3.01E-05,2.95E-05,2.97E-05,2.46E-05,3.40E-05,3.11E-05,2.65E-05,2.33E-05,2.71E-05,2.67E-05,3.20E-05,3.24E-05,3.23E-05,3.44E-05,2.35E-05,3.17E-05,3.70E-05,3.45E-05,3.42E-05,3.61E-05,3.38E-05,4.70E-05,4.15E-05,4.39E-05,5.20E-05,4.57E-05,4.33E-05,4.71E-05,4.84E-05,4.78E-05,4.90E-05,4.19E-05,3.91E-05,3.13E-05,3.02E-05,3.66E-05,2.75E-05,2.41E-05,2.79E-05,2.40E-05,1.96E-05,3.00E-05,3.05E-05,1.05E-05,5.76E-06,1.96E-05,1.40E-05,1.09E-05,8.99E-06,5.13E-06,9.45E-06,1.27E-05,-6.62E-06,-3.90E-07,1.31E-05,1.45E-05,1.13E-05,-9.24E-06,-7.97E-06,5.34E-06,1.07E-05,1.51E-05,1.19E-05,3.03E-06,7.95E-06,4.46E-06,2.86E-05,-1.11E-05,5.72E-06,2.52E-05,1.45E-05,-2.07E-06,-5.47E-06,-9.88E-06,-5.95E-06,5.69E-06,INT SYNC:059.94[Hz],DOUBLE FRAME,NORMAL,STANDARD DARK,ONE,CIE1931 (2°),1°,100,0.33333333,0.33333333,NONE,3,662960,1988879,OFF,TRUE,2024/06/21,18:42:16,OK00,----,----,----,CS-3000HDR,3001075,1.00.0008